n,p,s,b,n.FP,FPR,sd.FPR,n.FN,FNR,sd.FNR,FWER,sd.FWER,RMSE,sd.RMSE,error
500,500,3,1,341.6,0.00171831,3.51E-06,345.95,0.288291667,0.000677924,0.005,0.002856203,0.05135862,0.00013153,Diag
500,500,3,2.5,514.55,0.00258828,5.66E-06,108.25,0.090208333,8.63E-05,0.71375,0.020587985,0.114899178,0.000134883,Diag
500,500,3,1.5,390.05,0.001962022,4.52E-06,179.85,0.149875,0.000293576,0.618625,0.020471799,0.071938835,0.000134073,Diag
500,500,3,0.25,289.4,0.00145573440643863,3.79250126457949e-06,1119.35,0.932791666666667,0.00072663580204652,0.505375,0.017505896562978,0.0253247092507474,0.000132794711381892,Diag
500,500,3,0.5,299.1,0.00150452716297787,3.04998019517445e-06,809.25,0.674375,0.000853740667197882,0.5175,0.016076502958306,0.0326235535734022,0.000122420219976639,Diag
500,500,3,0.75,318.8,0.00160362173038229,3.21885048724707e-06,523.85,0.436541666666667,0.000714487423874115,0.542625,0.0172962528266126,0.0415987980488243,0.000127284000632598,Diag
500,500,3,1.25,364.9,0.00183551307847082,4.03034095552772e-06,238.45,0.198708333333333,0.000409460436488933,0.591,0.0190613621316995,0.0615256964754986,0.000133720466411282,Diag
500,500,3,1.75,416.25,0.00209381287726358,5.04587179364238e-06,144.7,0.120583333333333,0.000179625076558522,0.642125,0.020726345902587,0.0825207779178825,0.000134533032756129,Diag
